"StateFips","State","abbr","year","FFSpop","H0","H1","H2","Bene","BeneH","BeneM","newH0","newH1","newH2","newBene","newBeneH","newBeneM","NPIH0"
"01","Alabama","AL",2012,664638,29.15,6.63,22.52,11.28,2.25,9.03,1.57,0.42,1.16,1.56,0.41,1.14,0.8
"01","Alabama","AL",2013,669697,27.83,4.84,22.99,11.63,2.07,9.56,1.57,0.26,1.31,1.55,0.25,1.3,0.88
"01","Alabama","AL",2014,674129,23.65,4.82,18.83,10.93,2.75,8.18,1.59,0.65,0.94,1.58,0.63,0.94,1.25
"01","Alabama","AL",2015,674322,26.28,6.92,19.36,11.64,3.25,8.39,1.6,0.6,1,1.6,0.6,1,1.25
"01","Alabama","AL",2016,674598,29.51,8.99,20.52,13.82,4.53,9.3,2,1.04,0.95,2,1.04,0.95,1.38
"01","Alabama","AL",2017,581381,33.57,10.92,22.65,16.09,6.19,9.9,2.35,1.23,1.12,2.35,1.23,1.12,1.48
"01","Alabama","AL",2018,558203,37.9,11.9,26,17.95,6.39,11.56,2.43,1.21,1.22,2.43,1.21,1.22,1.56
"01","Alabama","AL",2019,534585,46.17,13.44,32.73,19.77,6.3,13.46,2.64,1.12,1.52,2.64,1.12,1.52,1.8
"02","Alaska","AK",2012,66050,19.98,5.93,14.05,8.16,3.16,5,3.22,1.71,1.51,3.22,1.71,1.51,0.91
"02","Alaska","AK",2013,68756,27.98,7.49,20.49,9.93,3.93,6.01,1.83,1.63,0.2,1.83,1.63,0.2,1.6
"02","Alaska","AK",2014,71383,19.53,3.18,16.35,5.56,1.12,4.44,0.27,0.27,0.011,0.27,0.27,0.011,1.12
"02","Alaska","AK",2015,74617,14.47,1.84,12.64,5.16,0.78,4.38,0.15,0.011,0.15,0.15,0.011,0.15,1.07
"02","Alaska","AK",2016,78312,14.79,3.51,11.28,5.57,1.53,4.04,0.18,0.011,0.18,0.18,0.011,0.18,1.15
"02","Alaska","AK",2017,81331,13.64,0.74,12.9,4.32,0.47,3.85,0.14,0.011,0.14,0.14,0.011,0.14,1.23
"02","Alaska","AK",2018,84786,7.32,1.01,6.31,3.14,0.67,2.47,0.14,0.14,0.011,0.14,0.14,0.011,0.83
"02","Alaska","AK",2019,88361,6.73,1.36,5.38,3.49,0.91,2.58,0.62,0.2,0.42,0.62,0.2,0.42,1.02
"04","Arizona","AZ",2012,561522,139.32,33.41,105.91,47.27,12.81,34.47,9.73,3.73,5.99,9.65,3.71,5.94,3.17
"04","Arizona","AZ",2013,577447,161.32,37.8,123.51,54.17,15.43,38.74,11.59,4.82,6.77,11.59,4.82,6.77,4.07
"04","Arizona","AZ",2014,598254,181.57,36.01,145.56,59.12,14.58,44.53,12.05,4.84,7.21,12.05,4.84,7.21,3.91
"04","Arizona","AZ",2015,616633,196.02,42.89,153.13,62.61,17.35,45.27,12.61,5.59,7.02,12.61,5.59,7.02,3.65
"04","Arizona","AZ",2016,639570,212.08,55.25,156.83,75.6,24.01,51.58,14.45,7.05,7.4,14.45,7.05,7.4,4.3
"04","Arizona","AZ",2017,658019,216.56,57.31,159.25,75.77,25.19,50.58,11.98,5.07,6.91,11.98,5.07,6.91,4.48
"04","Arizona","AZ",2018,674667,211.73,50.65,161.08,75.94,24.07,51.86,12.59,5.47,7.12,12.59,5.47,7.12,4.98
"04","Arizona","AZ",2019,681993,204.66,38.6,166.07,74.88,19.98,54.91,11.51,4.41,7.1,11.51,4.41,7.1,5.76
"05","Arkansas","AR",2012,444390,14.87,4.07,10.79,5.27,1.62,3.64,0.37,0.14,0.23,0.37,0.14,0.23,0.74
"05","Arkansas","AR",2013,441689,12.53,4.04,8.49,4.85,1.83,3.01,0.32,0.17,0.15,0.32,0.17,0.15,0.84
"05","Arkansas","AR",2014,444779,13.81,5.03,8.78,6.15,2.45,3.7,0.5,0.19,0.31,0.5,0.19,0.31,0.72
"05","Arkansas","AR",2015,446656,18.26,8.7,9.56,8.07,3.67,4.4,0.88,0.34,0.54,0.88,0.34,0.54,0.92
"05","Arkansas","AR",2016,448753,18.89,5.77,13.12,8.54,3.07,5.48,0.77,0.1,0.67,0.76,0.1,0.67,0.85
"05","Arkansas","AR",2017,446568,24.89,6.09,18.8,9.94,3.33,6.61,0.8,0.15,0.65,0.8,0.15,0.64,1.03
"05","Arkansas","AR",2018,438836,30.8,7.16,23.64,13.35,3.83,9.52,1.53,0.51,1.02,1.52,0.51,1.01,1.39
"05","Arkansas","AR",2019,429494,38.48,11.63,26.86,14.81,4.67,10.14,1.88,0.92,0.96,1.88,0.92,0.96,1.37
"06","California","CA",2012,2742188,104.39,41.66,62.73,32.73,13.68,19.05,5.69,2.45,3.25,5.14,2.4,2.74,2.86
"06","California","CA",2013,2766683,115.7,42.43,73.27,34.52,13.59,20.93,4.52,1.95,2.57,4.52,1.95,2.57,3.34
"06","California","CA",2014,2718792,118.31,41.64,76.67,36.33,14.38,21.95,5.09,2.6,2.48,5.09,2.6,2.48,3.37
"06","California","CA",2015,2755868,121.34,44.24,77.1,38.96,17.32,21.64,6.8,4.25,2.55,6.8,4.25,2.55,3.48
"06","California","CA",2016,2815420,131.76,48.9,82.86,42.01,18.75,23.26,7.87,5.11,2.76,7.87,5.11,2.76,3.42
"06","California","CA",2017,2855663,137.82,47.76,90.07,43.89,19.33,24.56,9.21,6.37,2.84,9.21,6.37,2.84,3.48
"06","California","CA",2018,2860647,139.09,41.75,97.34,47.23,20.65,26.57,10.16,6.79,3.36,10.16,6.79,3.36,3.72
"06","California","CA",2019,2855976,146.74,45.16,101.58,50.51,23.42,27.08,11.98,8.75,3.23,11.98,8.75,3.23,3.69
"08","Colorado","CO",2012,397059,135.97,21.1,114.86,47.01,8.7,38.31,4.7,1.61,3.09,4.67,1.61,3.05,3.43
"08","Colorado","CO",2013,408706,155.7,28.21,127.5,55.83,12.39,43.44,4.89,2.03,2.86,4.89,2.03,2.86,5.9
"08","Colorado","CO",2014,419070,174.12,29.77,144.35,58.26,13.22,45.04,6.48,2.14,4.34,6.46,2.13,4.32,5.18
"08","Colorado","CO",2015,430901,168.95,27.99,140.96,57.57,11.29,46.28,5.69,2,3.68,5.68,2,3.68,4.2
"08","Colorado","CO",2016,447427,189.92,30.51,159.41,62.54,12.65,49.89,6.89,3,3.88,6.89,3,3.88,4.58
"08","Colorado","CO",2017,458088,209.12,36.7,172.42,72.65,17.92,54.73,9.78,4.95,4.83,9.77,4.95,4.82,5.15
"08","Colorado","CO",2018,470907,198.91,41.72,157.19,73.76,20.57,53.18,10.28,6.26,4.03,10.28,6.25,4.02,5.56
"08","Colorado","CO",2019,451034,206.59,42.83,163.76,73.59,22.09,51.5,9.93,6.34,3.58,9.92,6.34,3.58,5.39
"09","Connecticut","CT",2012,414549,57.93,18.14,39.79,21.36,7.3,14.05,2.26,0.51,1.75,2.26,0.51,1.75,3.3
"09","Connecticut","CT",2013,412862,64.28,18.56,45.71,25.16,7.17,17.99,2.08,0.61,1.47,2.08,0.61,1.47,4.34
"09","Connecticut","CT",2014,414271,72.69,19.15,53.54,28.41,7.74,20.67,2.67,0.68,1.99,2.66,0.68,1.99,4.51
"09","Connecticut","CT",2015,412120,76.61,22.17,54.44,30.54,9.76,20.79,2.95,0.67,2.28,2.95,0.67,2.28,4.61
"09","Connecticut","CT",2016,412647,92.35,27.92,64.43,37.25,11.64,25.61,3.77,1.02,2.75,3.77,1.02,2.75,4.68
"09","Connecticut","CT",2017,410157,95.91,32.98,62.93,37.11,12.75,24.36,3.32,0.91,2.42,3.31,0.9,2.41,5
"09","Connecticut","CT",2018,349747,103.13,31.03,72.09,42.78,14.34,28.44,4.63,1.3,3.34,4.63,1.3,3.33,5.55
"09","Connecticut","CT",2019,332303,116.62,31.59,85.03,46.65,15.31,31.34,6,1.9,4.1,6,1.9,4.1,5.6
"10","Delaware","DE",2012,144397,39.2,11.86,27.34,15.49,5.91,9.57,1.31,0.46,0.85,1.31,0.46,0.85,1.87
"10","Delaware","DE",2013,146983,42.17,17.72,24.46,19.6,9.31,10.29,3.06,1.09,1.97,3.06,1.09,1.97,2.52
"10","Delaware","DE",2014,151409,57.39,26.06,31.34,24.45,11.25,13.2,2.74,0.99,1.75,2.74,0.99,1.75,2.44
"10","Delaware","DE",2015,156300,59.23,22.34,36.9,24.1,9.95,14.15,2.27,0.65,1.62,2.26,0.65,1.61,2.5
"10","Delaware","DE",2016,159318,66.26,23.94,42.32,26.32,9.98,16.34,3.51,1.83,1.68,3.5,1.83,1.67,2.64
"10","Delaware","DE",2017,160181,60.62,23.07,37.55,24.5,10.6,13.9,3.21,1.83,1.38,3.21,1.83,1.38,2.81
"10","Delaware","DE",2018,161425,66.45,27.77,38.69,26.97,11.34,15.62,3.65,1.36,2.29,3.64,1.36,2.29,2.79
"10","Delaware","DE",2019,161453,59.71,22.94,36.77,24.92,10.28,14.65,2.49,0.87,1.62,2.49,0.87,1.62,2.66
"11","District of Columbia","DC",2012,59042,217.51,162.14,55.37,82.35,62.5,19.85,8.74,5.78,2.96,8.74,5.78,2.96,5.76
"11","District of Columbia","DC",2013,60218,206.67,140.02,66.64,80.19,54.75,25.44,7.12,4.23,2.89,7.12,4.23,2.89,6.97
"11","District of Columbia","DC",2014,60204,194.94,138.45,56.49,75,53.15,21.84,8.04,5.41,2.62,7.99,5.37,2.62,4.48
"11","District of Columbia","DC",2015,60160,210.97,152.51,58.46,84.67,62.77,21.91,9.62,7.61,2.01,9.62,7.61,2.01,5.65
"11","District of Columbia","DC",2016,59805,194.7,127.56,67.13,80.6,55.16,25.43,4.67,2.69,1.97,4.67,2.69,1.97,6.35
"11","District of Columbia","DC",2017,60015,238.07,145.3,92.78,88.81,54.12,34.69,8.71,4.6,4.12,8.68,4.58,4.1,6.17
"11","District of Columbia","DC",2018,59624,237.56,122.55,115,93.69,50.95,42.73,6.34,3.39,2.95,6.34,3.39,2.95,6.04
"11","District of Columbia","DC",2019,58445,182.8,97.75,85.05,75.95,44.49,31.47,5.46,3.35,2.1,5.44,3.35,2.09,6.5
"12","Florida","FL",2012,2217181,223.96,62.99,160.96,82.74,25.7,57.03,16.21,6.65,9.56,16.2,6.65,9.55,4.93
"12","Florida","FL",2013,2213241,256.61,66.58,190.03,94.71,28.36,66.35,18.14,7.29,10.85,18.13,7.29,10.85,6.27
"12","Florida","FL",2014,2208280,277.97,75.18,202.78,100.91,31.12,69.79,18.19,7.65,10.54,18.19,7.65,10.54,6.07
"12","Florida","FL",2015,2215360,291.44,79.01,212.42,106.83,32.07,74.77,19.98,8.08,11.9,19.98,8.08,11.9,6.42
"12","Florida","FL",2016,2243115,306.25,80.78,225.47,112.68,33.45,79.23,20.44,8.19,12.25,20.44,8.19,12.25,6.48
"12","Florida","FL",2017,2225464,316.96,78.76,238.2,112.92,31.66,81.26,19.28,7.43,11.85,19.28,7.43,11.85,6.68
"12","Florida","FL",2018,2200552,347.06,86.4,260.67,121.66,34.24,87.41,20.89,7.73,13.16,20.89,7.73,13.16,6.87
"12","Florida","FL",2019,2181844,382.85,100.18,282.67,128.41,37.29,91.12,21.84,8.26,13.59,21.84,8.26,13.59,7.35
"13","Georgia","GA",2012,949352,35.13,7.14,27.99,14.52,3.3,11.21,1.92,0.33,1.59,1.91,0.33,1.58,1.36
"13","Georgia","GA",2013,944469,37.75,7.13,30.62,15.02,3.26,11.75,2.14,0.51,1.63,2.13,0.51,1.62,1.49
"13","Georgia","GA",2014,948451,44.1,8.79,35.31,16.25,3.87,12.38,2.35,0.49,1.85,2.35,0.49,1.85,1.61
"13","Georgia","GA",2015,942083,50.08,9.92,40.16,18.53,4.3,14.23,2.61,0.51,2.1,2.61,0.51,2.1,1.75
"13","Georgia","GA",2016,942647,59.7,9.41,50.29,22.55,4,18.55,3.62,0.65,2.97,3.62,0.65,2.97,1.88
"13","Georgia","GA",2017,937872,66.8,9.1,57.71,24.49,4.43,20.06,3.46,0.73,2.73,3.46,0.73,2.73,2.06
"13","Georgia","GA",2018,922999,64,13.19,50.81,25.83,6.2,19.62,3.57,1.18,2.39,3.57,1.18,2.39,2.15
"13","Georgia","GA",2019,908154,72.97,18.96,54,27.37,8.97,18.39,4.28,1.8,2.48,4.28,1.8,2.48,2.33
"15","Hawaii","HI",2012,98441,26.81,15.83,10.98,10.79,6.31,4.48,0.52,0.3,0.21,0.47,0.3,0.16,1.63
"15","Hawaii","HI",2013,98007,17.91,8.99,8.92,7.98,3.99,3.99,0.12,0.011,0.12,0.12,0.011,0.12,1.43
"15","Hawaii","HI",2014,100192,21.1,10.12,10.98,8.94,4.38,4.56,0.16,0.16,0.011,0.16,0.16,0.011,1.3
"15","Hawaii","HI",2015,103650,21.84,10.13,11.71,9.66,4.47,5.19,0.11,0.011,0.11,0.11,0.011,0.11,1.25
"15","Hawaii","HI",2016,106453,24.36,10,14.35,11.38,4.68,6.7,0.42,0.42,0.011,0.42,0.42,0.011,1.88
"15","Hawaii","HI",2017,109064,18.88,8.63,10.25,9.36,4.25,5.11,0.33,0.2,0.13,0.33,0.2,0.13,1.01
"15","Hawaii","HI",2018,109860,22.79,6.89,15.9,9.27,2.86,6.41,0.11,0.011,0.11,0.11,0.011,0.11,1.64
"15","Hawaii","HI",2019,110608,26.4,9.17,17.23,11.44,4.13,7.31,0.52,0.22,0.31,0.52,0.22,0.31,1.72
"16","Idaho","ID",2012,162402,24.54,5.44,19.1,10.18,2.51,7.67,0.61,0.22,0.39,0.61,0.22,0.39,1.54
"16","Idaho","ID",2013,168132,36.55,7.56,28.99,15.28,3.9,11.38,0.7,0.07,0.63,0.7,0.07,0.63,1.72
"16","Idaho","ID",2014,171598,41.36,6.11,35.25,16.38,2.26,14.11,1.58,0.08,1.5,1.58,0.08,1.5,1.86
"16","Idaho","ID",2015,175590,36.93,3.23,33.69,15.4,1.44,13.96,2.28,0.11,2.17,2.28,0.11,2.17,1.77
"16","Idaho","ID",2016,184363,23.75,5.94,17.81,14.24,5.43,8.81,3.79,2.34,1.44,3.78,2.33,1.44,1.14
"16","Idaho","ID",2017,193853,31.89,2.31,29.58,14.21,1.17,13.04,2.19,0.27,1.91,2.19,0.27,1.91,1.44
"16","Idaho","ID",2018,197546,48.32,4.08,44.24,21.58,1.92,19.66,3.11,0.22,2.89,3.11,0.22,2.89,1.72
"16","Idaho","ID",2019,198876,53.51,6.52,46.98,22.43,2.86,19.56,3.49,0.52,2.98,3.49,0.52,2.98,1.91
"17","Illinois","IL",2012,1602266,219.55,177.24,42.32,85.32,70.72,14.6,17.97,15.91,2.06,17.63,15.69,1.94,4.17
"17","Illinois","IL",2013,1620399,220.9,172.93,47.98,93.23,76.48,16.76,18.44,16.22,2.23,18.43,16.21,2.21,5.18
"17","Illinois","IL",2014,1474203,222.12,168.18,53.93,100.28,81,19.28,20.33,17.8,2.53,20.31,17.78,2.53,5.26
"17","Illinois","IL",2015,1456942,225.21,168.64,56.56,96.45,76.71,19.74,19.61,17.04,2.57,19.59,17.02,2.57,5.31
"17","Illinois","IL",2016,1472941,217.16,156.78,60.37,94.74,72.99,21.76,17.36,14.9,2.46,17.35,14.89,2.46,5.43
"17","Illinois","IL",2017,1451708,224.06,150.26,73.81,90.23,64.84,25.39,15.35,12.41,2.94,15.34,12.4,2.94,5.79
"17","Illinois","IL",2018,1443209,221.41,142.21,79.19,88.41,60.57,27.84,14.59,11.59,3,14.58,11.59,3,5.83
"17","Illinois","IL",2019,1426828,229.21,146.42,82.79,87.34,58.62,28.72,13.32,10.17,3.16,13.32,10.16,3.15,6.17
"18","Indiana","IN",2012,815811,75.15,33.62,41.54,29.97,13.14,16.83,4,2.36,1.64,4,2.36,1.64,2.28
"18","Indiana","IN",2013,814354,83.93,39.18,44.74,36.19,16.48,19.71,6.57,3.87,2.7,6.57,3.87,2.7,3.54
"18","Indiana","IN",2014,820424,102.23,52.22,50.01,44.75,22.35,22.4,7.68,4.66,3.02,7.68,4.66,3.02,3.46
"18","Indiana","IN",2015,825113,117.71,61.29,56.41,52.89,27.7,25.19,7.47,4.41,3.06,7.47,4.41,3.06,3.93
"18","Indiana","IN",2016,824120,118.21,57.75,60.46,50.64,24.55,26.09,6.11,3.22,2.88,6.1,3.22,2.88,4
"18","Indiana","IN",2017,819764,122.92,56.21,66.71,48.37,22.04,26.33,5.84,2.87,2.97,5.82,2.87,2.96,3.85
"18","Indiana","IN",2018,798417,136.17,52.67,83.5,52.3,22.02,30.27,5.78,2.71,3.07,5.78,2.71,3.07,4.38
"18","Indiana","IN",2019,777405,160.97,54.46,106.51,59.6,22.93,36.67,6.02,2.46,3.56,6.02,2.46,3.56,4.93
"19","Iowa","IA",2012,445292,11.62,5.85,5.76,4.83,2.16,2.67,0.46,0.39,0.07,0.46,0.39,0.07,0.83
"19","Iowa","IA",2013,452084,17.44,7.51,9.94,7.48,3.21,4.28,0.96,0.73,0.23,0.96,0.73,0.23,1.39
"19","Iowa","IA",2014,459063,17.55,7.06,10.49,7.56,3.03,4.53,0.86,0.57,0.29,0.86,0.57,0.29,1.02
"19","Iowa","IA",2015,464411,17.39,7.95,9.44,7.54,3.51,4.03,0.94,0.65,0.29,0.94,0.65,0.29,1.14
"19","Iowa","IA",2016,457971,20.7,9.26,11.43,9.57,4.57,5.01,1.19,0.63,0.56,1.19,0.63,0.56,1.31
"19","Iowa","IA",2017,463611,23.18,9.31,13.87,9.49,3.93,5.56,0.64,0.18,0.46,0.64,0.18,0.46,1.45
"19","Iowa","IA",2018,459549,19.89,7.4,12.49,8.8,3.55,5.24,0.59,0.14,0.45,0.59,0.14,0.45,1.46
"19","Iowa","IA",2019,450595,23.26,8.01,15.26,9.64,4.05,5.59,0.83,0.31,0.53,0.83,0.31,0.52,1.78
"20","Kansas","KS",2012,379104,57.52,8.32,49.19,27.38,3.06,24.32,3.29,0.54,2.75,3.19,0.53,2.67,2.35
"20","Kansas","KS",2013,383733,73.86,11.24,62.62,33.51,4.22,29.29,3.87,0.88,2.99,3.86,0.88,2.98,3.73
"20","Kansas","KS",2014,389988,82.73,12.95,69.78,35.42,5.92,29.51,3.63,1.16,2.46,3.63,1.16,2.46,2.87
"20","Kansas","KS",2015,396092,101.31,17.83,83.48,41.61,7.18,34.43,4.34,1.57,2.77,4.33,1.57,2.76,4.14
"20","Kansas","KS",2016,398696,115.11,21.18,93.93,44.57,8.33,36.24,3.53,1.33,2.2,3.53,1.33,2.2,3.96
"20","Kansas","KS",2017,400471,112.62,18.9,93.72,44.55,7.44,37.11,3.32,0.93,2.39,3.32,0.93,2.39,4.39
"20","Kansas","KS",2018,401966,111.3,20.9,90.4,43.27,6.81,36.46,3.11,0.88,2.23,3.1,0.88,2.23,3.98
"20","Kansas","KS",2019,400112,118.33,19.51,98.81,41.88,6.43,35.46,3.35,0.81,2.54,3.35,0.81,2.53,3.75
"21","Kentucky","KY",2012,633760,100.27,74.68,25.58,32.52,22.22,10.31,4.17,2.74,1.44,4.16,2.73,1.43,2.59
"21","Kentucky","KY",2013,597350,131.15,95.83,35.32,36.8,25.37,11.43,5.18,3.93,1.25,5.18,3.93,1.25,4.4
"21","Kentucky","KY",2014,596117,159.19,114.67,44.52,44.52,30.59,13.93,5.47,4.36,1.1,5.46,4.36,1.1,3.71
"21","Kentucky","KY",2015,593816,169.65,122.54,47.11,55.25,40.4,14.85,5.57,4.55,1.02,5.57,4.55,1.02,3.86
"21","Kentucky","KY",2016,591387,181.64,133,48.63,59.92,42.89,17.03,5.38,4.47,0.9,5.38,4.47,0.9,4.13
"21","Kentucky","KY",2017,585637,160.5,112.75,47.75,61.51,43.53,17.98,5.48,4.1,1.39,5.48,4.1,1.39,4.22
"21","Kentucky","KY",2018,575993,152.02,101.61,50.42,51.4,35.29,16.11,5.21,4.09,1.12,5.21,4.09,1.12,3.77
"21","Kentucky","KY",2019,550718,144.87,90.64,54.22,51.98,34.09,17.89,6.21,4.69,1.52,6.2,4.69,1.52,3.98
"22","Louisiana","LA",2012,508346,24.26,18.55,5.71,13.34,10.31,3.03,2,1.72,0.28,1.99,1.71,0.28,1.12
"22","Louisiana","LA",2013,511651,26.57,17.74,8.83,11.59,7.72,3.86,1.35,1.07,0.28,1.35,1.07,0.28,1.17
"22","Louisiana","LA",2014,508967,30.38,21.69,8.69,11.48,8.13,3.35,2.18,1.79,0.4,2.17,1.78,0.39,1.45
"22","Louisiana","LA",2015,505748,27.84,20.62,7.22,11.28,8.25,3.03,1.86,1.66,0.19,1.85,1.66,0.19,1.34
"22","Louisiana","LA",2016,507635,33.75,23.72,10.03,12.72,9.24,3.48,2.56,2.15,0.41,2.55,2.15,0.41,1.62
"22","Louisiana","LA",2017,501685,29.12,19.54,9.58,11.81,8.2,3.61,2.05,1.74,0.31,2.05,1.73,0.31,1.59
"22","Louisiana","LA",2018,492832,35.53,23.6,11.93,13.51,8.31,5.2,2.43,2.01,0.42,2.42,2,0.42,1.4
"22","Louisiana","LA",2019,474144,38.32,22.08,16.24,15.75,8.84,6.9,2.74,2.08,0.65,2.74,2.08,0.65,1.73
"23","Maine","ME",2012,222136,42.43,5.43,37,20.98,3.01,17.98,1.59,1.01,0.58,1.58,1.01,0.57,2.79
"23","Maine","ME",2013,222879,47.34,6.22,41.13,23.95,3.81,20.13,2.25,1.55,0.7,2.25,1.55,0.7,4.04
"23","Maine","ME",2014,221457,49.54,4.41,45.13,24.84,2.88,21.96,1.89,1.1,0.79,1.89,1.1,0.79,3.21
"23","Maine","ME",2015,218586,51.46,5.64,45.82,24.98,3.68,21.3,2.12,1.15,0.97,2.12,1.15,0.97,3.34
"23","Maine","ME",2016,216034,49.45,4.71,44.74,23.65,2.47,21.18,1.28,0.61,0.67,1.28,0.61,0.67,3.06
"23","Maine","ME",2017,210923,53.92,4.66,49.27,26.78,2.36,24.42,1.1,0.29,0.81,1.1,0.29,0.81,3.56
"23","Maine","ME",2018,203948,60.85,4.82,56.03,29.06,2.47,26.59,1.75,0.69,1.06,1.75,0.69,1.06,3.58
"23","Maine","ME",2019,192176,66.38,6.02,60.36,29.6,3.39,26.21,1.9,0.75,1.15,1.9,0.75,1.15,4.06
"24","Maryland","MD",2012,686588,116.37,22.25,94.12,46.02,8.81,37.21,5.09,1.13,3.96,5.08,1.13,3.95,4.14
"24","Maryland","MD",2013,707942,133.92,27.23,106.7,52.45,11.14,41.32,6.45,2.22,4.23,6.45,2.22,4.23,5.2
"24","Maryland","MD",2014,728262,142.19,26.87,115.32,56.64,11.53,45.12,7.93,2.53,5.4,7.91,2.53,5.39,4.86
"24","Maryland","MD",2015,749422,148.95,25.3,123.65,60.44,11.82,48.62,9.44,2.82,6.62,9.43,2.81,6.61,5.27
"24","Maryland","MD",2016,757662,164.55,31.05,133.5,63.61,13.34,50.27,9.27,2.89,6.37,9.24,2.89,6.36,5.11
"24","Maryland","MD",2017,760670,160.77,35.77,125,64.58,14.69,49.89,8.33,3.25,5.08,8.32,3.25,5.08,5.31
"24","Maryland","MD",2018,768553,171.07,38.36,132.71,67.43,16.72,50.71,9.27,3.6,5.68,9.27,3.6,5.67,5.2
"24","Maryland","MD",2019,783221,187.62,40.93,146.69,71.76,16.58,55.18,10.14,3.21,6.93,10.12,3.21,6.92,5.4
"25","Massachusetts","MA",2012,822245,51.98,16.57,35.41,20.11,7.29,12.82,2.35,1.01,1.34,2.31,0.99,1.32,2.8
"25","Massachusetts","MA",2013,839091,60.55,22.99,37.56,24.29,10.62,13.67,2.73,1.43,1.3,2.72,1.43,1.29,3.9
"25","Massachusetts","MA",2014,836439,66.74,23.45,43.29,26.21,10.65,15.56,2.56,1.14,1.42,2.56,1.14,1.42,3.68
"25","Massachusetts","MA",2015,854058,74.2,24.49,49.71,30.25,11.72,18.53,3.37,1.48,1.89,3.36,1.47,1.89,3.68
"25","Massachusetts","MA",2016,865933,76.27,28.65,47.62,32.62,13.8,18.82,3.68,1.9,1.78,3.68,1.9,1.78,3.63
"25","Massachusetts","MA",2017,863630,80.02,27.17,52.85,33.28,13.5,19.78,4.22,2.05,2.17,4.21,2.05,2.17,3.61
"25","Massachusetts","MA",2018,864194,81.55,24.45,57.11,33.79,12.81,20.99,3.62,1.52,2.1,3.62,1.52,2.1,3.55
"25","Massachusetts","MA",2019,864404,88.72,29.83,58.89,37.88,15.85,22.03,4.66,2.39,2.27,4.65,2.39,2.27,3.67
"26","Michigan","MI",2012,1248812,359.48,261.57,97.91,126.99,93.59,33.4,24.15,20.28,3.87,23.87,20.05,3.83,5.93
"26","Michigan","MI",2013,1246868,343.81,240.42,103.39,128.31,90.26,38.05,21.36,17.18,4.18,21.35,17.17,4.18,7.72
"26","Michigan","MI",2014,1215732,331.46,223.82,107.64,120.48,82.97,37.5,19.07,14.95,4.12,19.04,14.93,4.11,6.78
"26","Michigan","MI",2015,1169511,326.1,209.49,116.61,119.7,78.47,41.23,18.02,14.05,3.96,18,14.04,3.96,6.96
"26","Michigan","MI",2016,1173277,310.48,196.65,113.83,114.9,74.55,40.36,17.7,13.68,4.02,17.67,13.66,4.01,6.62
"26","Michigan","MI",2017,1163177,296.38,182.65,113.73,110.35,69.32,41.03,16.75,12.88,3.87,16.73,12.86,3.87,6.6
"26","Michigan","MI",2018,1107847,292.13,175.03,117.1,102.38,62.81,39.56,13.78,10,3.78,13.77,9.99,3.77,6.45
"26","Michigan","MI",2019,1079572,295.8,167.76,128.04,103.55,59.07,44.48,12.86,8.67,4.2,12.85,8.66,4.19,6.6
"27","Minnesota","MN",2012,390967,70.97,3.59,67.38,34.54,1.78,32.75,3.37,0.17,3.19,3.36,0.17,3.19,3.38
"27","Minnesota","MN",2013,378437,87.07,6.09,80.98,43.98,2.91,41.07,3.39,0.26,3.13,3.39,0.26,3.13,5.55
"27","Minnesota","MN",2014,369520,122.56,11.47,111.09,61.42,5.09,56.32,5.62,0.66,4.96,5.62,0.66,4.96,6.06
"27","Minnesota","MN",2015,362008,150.99,13.33,137.66,73.26,6.23,67.03,5.9,1.07,4.83,5.9,1.07,4.83,6.57
"27","Minnesota","MN",2016,353189,170.1,15.55,154.55,74.95,7.53,67.43,6.46,1.33,5.14,6.46,1.33,5.13,7.42
"27","Minnesota","MN",2017,344079,187,19.18,167.82,78.12,10.01,68.12,6.28,1.37,4.91,6.28,1.36,4.91,8.49
"27","Minnesota","MN",2018,346942,206.66,13.04,193.62,84.21,5.67,78.54,6.72,0.34,6.38,6.72,0.34,6.38,8.62
"27","Minnesota","MN",2019,481200,200.27,15.51,184.77,76.73,6.71,70.02,5.67,0.27,5.4,5.67,0.27,5.4,6.8
"28","Mississippi","MS",2012,448530,9.81,2.25,7.56,4.16,0.99,3.17,0.6,0.34,0.26,0.59,0.34,0.25,0.87
"28","Mississippi","MS",2013,450349,10.58,3.69,6.88,4.41,1.55,2.85,0.36,0.26,0.1,0.36,0.26,0.1,1.09
"28","Mississippi","MS",2014,456373,14.06,4.26,9.8,5.15,1.27,3.88,0.64,0.1,0.53,0.63,0.1,0.53,0.92
"28","Mississippi","MS",2015,458035,12.74,3.05,9.7,4.8,1.18,3.62,0.36,0.16,0.2,0.36,0.16,0.2,0.94
"28","Mississippi","MS",2016,459032,13.4,2.48,10.92,6.17,1.2,4.96,1.29,0.45,0.84,1.28,0.45,0.83,0.94
"28","Mississippi","MS",2017,457638,14.4,2.81,11.59,6.84,1.39,5.46,1.25,0.42,0.83,1.25,0.42,0.83,0.9
"28","Mississippi","MS",2018,454100,18.82,4.84,13.97,7.88,1.98,5.9,1.66,0.67,0.99,1.66,0.67,0.99,1.21
"28","Mississippi","MS",2019,449192,22.32,3.86,18.46,9.28,2.22,7.05,1.69,0.74,0.95,1.69,0.74,0.95,1.22
"29","Missouri","MO",2012,757322,69.93,28.89,41.03,29.67,11.02,18.65,4.8,2.17,2.63,4.76,2.17,2.59,2.56
"29","Missouri","MO",2013,758334,67.53,27.87,39.66,26.65,11.32,15.33,3.21,1.85,1.36,3.21,1.85,1.36,3.11
"29","Missouri","MO",2014,756524,78.22,31.62,46.61,30.18,12,18.18,3.66,2.14,1.52,3.6,2.09,1.52,2.88
"29","Missouri","MO",2015,749861,77.47,30.16,47.32,29.49,10.93,18.56,2.54,1.29,1.25,2.54,1.29,1.25,3.11
"29","Missouri","MO",2016,742846,72.67,30.27,42.4,26.9,11.09,15.8,2.16,1.32,0.84,2.16,1.32,0.84,3.12
"29","Missouri","MO",2017,731281,72.5,30.28,42.22,28.01,11.98,16.03,2.77,1.66,1.11,2.77,1.66,1.11,2.98
"29","Missouri","MO",2018,718496,77.51,28.27,49.24,29.75,10.14,19.61,2.94,1.47,1.47,2.94,1.47,1.47,3.3
"29","Missouri","MO",2019,688602,90.45,32.38,58.06,35.08,11.7,23.38,3.44,1.38,2.06,3.44,1.38,2.06,3.66
"30","Montana","MT",2012,144795,17.98,0.66,17.32,9.38,0.35,9.03,1.2,0.011,1.2,1.2,0.011,1.2,1.31
"30","Montana","MT",2013,150010,15.86,0.39,15.47,7.4,0.2,7.2,0.59,0.011,0.59,0.59,0.011,0.59,1.2
"30","Montana","MT",2014,151505,13.14,0.3,12.84,6.22,0.08,6.15,0.34,0.011,0.34,0.34,0.011,0.34,1.25
"30","Montana","MT",2015,153902,21.85,0.73,21.11,11.57,0.46,11.1,0.45,0.13,0.32,0.45,0.13,0.32,1.04
"30","Montana","MT",2016,155835,33.16,2.18,30.99,15.05,1.26,13.79,0.96,0.18,0.78,0.96,0.18,0.78,1.54
"30","Montana","MT",2017,159472,19.46,0.55,18.91,9.59,0.27,9.32,0.42,0.011,0.42,0.42,0.011,0.42,1.19
"30","Montana","MT",2018,168814,16.81,1.29,15.52,8.76,0.54,8.22,0.75,0.011,0.75,0.75,0.011,0.75,1.18
"30","Montana","MT",2019,172533,21.36,1.94,19.42,11.48,1.01,10.47,1.06,0.1,0.96,1.06,0.1,0.96,1.56
"31","Nebraska","NE",2012,241141,32.35,5.74,26.62,14.44,2.65,11.78,3.68,1.26,2.42,3.55,1.19,2.37,1.91
"31","Nebraska","NE",2013,246783,42.76,6.53,36.23,17.93,2.56,15.37,3.06,0.63,2.42,3.05,0.63,2.42,2.19
"31","Nebraska","NE",2014,252508,40.25,2.32,37.93,18.89,1.49,17.4,2.99,0.21,2.79,2.99,0.21,2.79,1.78
"31","Nebraska","NE",2015,258356,47.69,5.08,42.61,20.97,2.36,18.61,3.73,0.58,3.15,3.73,0.58,3.15,1.7
"31","Nebraska","NE",2016,262973,48.66,4.26,44.39,21.84,1.86,19.99,3.68,0.39,3.29,3.68,0.39,3.29,1.83
"31","Nebraska","NE",2017,266666,41.52,4.17,37.34,18.86,1.71,17.14,2.91,0.09,2.82,2.91,0.09,2.81,1.46
"31","Nebraska","NE",2018,266068,35.53,2.41,33.12,17.55,1.18,16.37,2.57,0.09,2.49,2.57,0.09,2.48,1.62
"31","Nebraska","NE",2019,264639,37.59,3.91,33.68,18.77,1.6,17.17,2.27,0.05,2.22,2.26,0.05,2.21,1.74
"32","Nevada","NV",2012,233243,160.86,114.6,46.26,50.89,35.45,15.43,11.2,8.78,2.42,11.11,8.72,2.39,2.87
"32","Nevada","NV",2013,243810,192.6,137.4,55.21,67.06,48.71,18.35,14.93,11.65,3.28,14.93,11.65,3.28,3.65
"32","Nevada","NV",2014,252049,222.43,162.7,59.73,82.28,61.95,20.33,17.85,14.39,3.46,17.85,14.39,3.46,3.57
"32","Nevada","NV",2015,259584,261.88,197.88,64,96.96,74.77,22.19,25.29,20.76,4.53,25.29,20.76,4.53,4.08
"32","Nevada","NV",2016,265410,265.51,191.26,74.25,108.23,84.86,23.37,28.65,24.2,4.44,28.65,24.2,4.44,4.33
"32","Nevada","NV",2017,270266,280.07,200.21,79.86,112.26,86.56,25.7,28.39,23.91,4.48,28.39,23.91,4.48,4.22
"32","Nevada","NV",2018,273929,228.83,148.4,80.43,93.71,66.67,27.04,22.97,18.41,4.55,22.97,18.41,4.55,4.71
"32","Nevada","NV",2019,275806,263.18,171.09,92.09,104.53,75.17,29.36,25.61,20.82,4.79,25.61,20.82,4.79,5.62
"33","New Hampshire","NH",2012,206142,45.62,5.54,40.09,20.29,2.93,17.37,1.59,0.59,1,1.47,0.58,0.89,2.67
"33","New Hampshire","NH",2013,212028,53.4,11.19,42.21,24.6,5.57,19.03,3.04,1.35,1.69,3.04,1.35,1.69,3.54
"33","New Hampshire","NH",2014,217110,64.3,19.05,45.24,29.16,8.01,21.15,3.59,1.53,2.06,3.59,1.53,2.06,3.09
"33","New Hampshire","NH",2015,222846,68.18,16.46,51.72,33.45,8.19,25.26,4.99,1.79,3.2,4.99,1.79,3.2,3.32
"33","New Hampshire","NH",2016,226258,67.79,11.48,56.31,31.89,5.45,26.44,3.85,0.97,2.88,3.85,0.97,2.88,3.23
"33","New Hampshire","NH",2017,226170,65.7,15.2,50.5,31.72,6.38,25.34,3.62,1.1,2.52,3.62,1.1,2.52,3.54
"33","New Hampshire","NH",2018,225501,59.43,8.43,51,28.38,4.39,23.99,2.77,0.56,2.21,2.77,0.56,2.21,3.15
"33","New Hampshire","NH",2019,214914,66.7,9.71,56.99,32.44,5.48,26.96,3.49,1.07,2.41,3.49,1.07,2.41,3.49
"34","New Jersey","NJ",2012,1066723,200.17,99.91,100.25,65.35,32.61,32.73,8.14,4.96,3.18,8.13,4.96,3.17,5.74
"34","New Jersey","NJ",2013,1073861,216.25,106.13,110.13,70.5,35.51,34.98,8.73,5.4,3.33,8.72,5.4,3.32,6.94
"34","New Jersey","NJ",2014,1106212,214.5,104.09,110.41,70.97,35.63,35.34,8.44,5.11,3.33,8.43,5.11,3.32,6.18
"34","New Jersey","NJ",2015,1126367,213.11,103.54,109.57,70,35.36,34.64,9.06,5.6,3.47,9.05,5.59,3.46,6.17
"34","New Jersey","NJ",2016,1125027,221.68,106.05,115.63,74.64,37.41,37.23,9.92,5.7,4.22,9.92,5.7,4.22,6.09
"34","New Jersey","NJ",2017,1056207,230.41,109.43,120.99,79.52,38.66,40.86,10.36,5.89,4.47,10.35,5.89,4.46,6.57
"34","New Jersey","NJ",2018,1048047,233.62,106.88,126.74,82.43,38.5,43.93,9.63,5.14,4.49,9.62,5.13,4.48,6.7
"34","New Jersey","NJ",2019,957112,258.34,116.05,142.28,91.57,44.51,47.06,11.67,6.75,4.92,11.65,6.75,4.91,7.33
"35","New Mexico","NM",2012,216609,51.65,15.8,35.85,17.74,6.57,11.17,2.57,1.54,1.03,2.57,1.54,1.03,1.85
"35","New Mexico","NM",2013,216888,50.63,12.28,38.34,18.17,6.04,12.13,2.37,0.95,1.42,2.37,0.95,1.42,2.26
"35","New Mexico","NM",2014,218510,58.96,17.13,41.83,24.61,9.59,15.02,2.2,1,1.2,2.2,1,1.2,2.43
"35","New Mexico","NM",2015,222311,47.88,10.69,37.19,20.73,5.95,14.79,2.58,1.19,1.39,2.56,1.19,1.38,2.11
"35","New Mexico","NM",2016,227672,47.93,12.11,35.83,19.81,5.78,14.02,2.93,1.22,1.7,2.93,1.22,1.7,1.93
"35","New Mexico","NM",2017,229000,44.95,11.21,33.73,18.49,5.45,13.04,2.15,0.91,1.24,2.15,0.91,1.24,1.83
"35","New Mexico","NM",2018,231561,40.85,11.53,29.32,17.92,5.21,12.71,2.48,1.01,1.47,2.48,1.01,1.47,1.99
"35","New Mexico","NM",2019,230485,46.3,14.65,31.65,18.71,5.88,12.83,3.6,1.2,2.4,3.6,1.2,2.4,1.87
"36","New York","NY",2012,1837662,167.57,99.6,67.97,50.89,30.06,20.83,7.44,5.06,2.38,7.43,5.05,2.37,4.51
"36","New York","NY",2013,1825003,181.8,101.02,80.79,54.68,31.57,23.12,7.58,5.11,2.46,7.57,5.11,2.46,5.32
"36","New York","NY",2014,1801175,186.53,104.15,82.38,58.11,33.71,24.4,8.27,5.66,2.61,8.27,5.66,2.61,5.16
"36","New York","NY",2015,1788662,198.84,107.17,91.67,62.6,36.63,25.96,9.08,6.19,2.89,9.06,6.18,2.88,5.34
"36","New York","NY",2016,1803929,210.67,112.53,98.14,69.24,40.81,28.43,10.46,7.23,3.23,10.42,7.2,3.23,5.41
"36","New York","NY",2017,1776026,218.2,113.59,104.6,77.9,47.35,30.55,10.41,7.08,3.33,10.4,7.07,3.33,5.5
"36","New York","NY",2018,1756146,227.94,118.08,109.86,83.6,50.39,33.21,11.04,6.96,4.09,11.03,6.94,4.08,5.8
"36","New York","NY",2019,1741839,232.88,118.31,114.57,80.95,48.42,32.52,10.79,6.96,3.83,10.78,6.95,3.83,6.01
"37","North Carolina","NC",2012,1250814,109.1,8.58,100.52,47.42,4.32,43.09,6.32,0.92,5.41,6.2,0.91,5.29,3.18
"37","North Carolina","NC",2013,1266550,118.59,9.7,108.89,49.06,4.71,44.35,6.05,1.03,5.02,6.05,1.03,5.02,4.99
"37","North Carolina","NC",2014,1165099,147.88,11.96,135.92,60.52,5.75,54.77,7.53,1.23,6.3,7.53,1.23,6.3,4.42
"37","North Carolina","NC",2015,1172975,191.58,12.67,178.92,72.34,6.67,65.67,8.46,1.45,7.01,8.46,1.45,7.01,4.66
"37","North Carolina","NC",2016,1185780,207.82,13.13,194.7,77.29,6.82,70.47,8.25,1.39,6.87,8.25,1.39,6.86,4.66
"37","North Carolina","NC",2017,1190090,231.41,12.28,219.14,83.64,6.96,76.68,9.06,1.45,7.61,9.06,1.45,7.61,4.97
"37","North Carolina","NC",2018,1161778,255.93,16.01,239.92,91.3,8.78,82.51,9.34,2.06,7.28,9.34,2.06,7.28,5.41
"37","North Carolina","NC",2019,1137494,267.89,16.45,251.44,91.92,8.64,83.28,9.15,2.04,7.11,9.15,2.04,7.11,5.6
"38","North Dakota","ND",2012,92177,8.2,0.011,8.2,4.18,0.011,4.18,0.97,0.011,0.97,0.97,0.011,0.97,0.65
"38","North Dakota","ND",2013,91981,7.25,0.27,6.98,3.5,0.12,3.38,0.2,0.011,0.2,0.2,0.011,0.2,0.65
"38","North Dakota","ND",2014,92030,11.27,1.18,10.08,5.77,0.54,5.23,0.78,0.011,0.78,0.78,0.011,0.78,1.52
"38","North Dakota","ND",2015,91316,14.77,0.011,14.77,7.29,0.011,7.29,0.68,0.011,0.68,0.68,0.011,0.68,1.31
"38","North Dakota","ND",2016,90018,13.72,0.011,13.72,5.7,0.011,5.7,0.34,0.011,0.34,0.34,0.011,0.34,0.89
"38","North Dakota","ND",2017,93638,13.24,0.011,13.24,5.35,0.011,5.35,0.14,0.011,0.14,0.14,0.011,0.14,1.07
"38","North Dakota","ND",2018,96369,13.29,0.71,12.59,7.07,0.52,6.55,1.26,0.11,1.14,1.26,0.11,1.14,1.25
"38","North Dakota","ND",2019,98296,32.77,1.04,31.73,17.78,0.74,17.04,3.61,0.46,3.15,3.61,0.46,3.15,2.03
"39","Ohio","OH",2012,1176749,150.98,78.8,72.18,53.55,26.34,27.21,7.37,3.89,3.48,7.26,3.88,3.38,4.72
"39","Ohio","OH",2013,1178602,147.3,74.15,73.16,50.74,24.77,25.96,5.45,3.23,2.23,5.45,3.23,2.23,6.08
"39","Ohio","OH",2014,1171350,152.89,71.35,81.54,51.77,23.64,28.13,5.38,3.25,2.13,5.38,3.25,2.13,5.8
"39","Ohio","OH",2015,1133730,139.35,59.5,79.85,50.17,21.69,28.48,5.26,3.13,2.12,5.25,3.13,2.12,5.75
"39","Ohio","OH",2016,1231405,144.09,60.51,83.58,52.46,22.36,30.1,5.77,3.41,2.36,5.77,3.41,2.36,5.29
"39","Ohio","OH",2017,1225805,145.84,59.37,86.48,55.52,22.89,32.63,5.49,2.75,2.74,5.48,2.75,2.74,5.6
"39","Ohio","OH",2018,1180218,157.97,59.25,98.72,58.69,22.64,36.05,5.14,2.46,2.67,5.13,2.46,2.67,6.26
"39","Ohio","OH",2019,1159406,170.14,61.22,108.92,63.07,23.25,39.82,5.37,2.19,3.18,5.37,2.19,3.17,6.81
"40","Oklahoma","OK",2012,504314,37.48,13.89,23.58,15.4,6.07,9.32,2.66,1,1.66,2.62,1,1.62,1.65
"40","Oklahoma","OK",2013,511554,50.62,13.63,36.98,18.6,5.5,13.1,3.05,1.01,2.04,3.05,1.01,2.04,2.07
"40","Oklahoma","OK",2014,519067,56.07,13.81,42.26,21.63,6.53,15.09,3.24,0.82,2.43,3.24,0.82,2.42,2.08
"40","Oklahoma","OK",2015,524804,61.62,15.25,46.38,24.31,7.02,17.29,5.2,1.7,3.5,5.19,1.7,3.49,2.04
"40","Oklahoma","OK",2016,530294,64.26,19.75,44.52,25.42,9.06,16.36,3.66,1.42,2.24,3.66,1.42,2.24,2.13
"40","Oklahoma","OK",2017,534075,67.74,23.23,44.51,26.65,10.15,16.5,3.56,1.39,2.17,3.56,1.39,2.17,2.13
"40","Oklahoma","OK",2018,531752,80.73,28.55,52.18,29.91,11.3,18.61,4.58,1.93,2.65,4.57,1.91,2.65,2.09
"40","Oklahoma","OK",2019,521189,90.08,31.74,58.35,34.32,13.91,20.41,5.53,3.08,2.45,5.52,3.08,2.45,2.42
"41","Oregon","OR",2012,349952,45.73,7.87,37.86,15.53,2.69,12.84,2.15,0.49,1.67,2.14,0.49,1.65,2
"41","Oregon","OR",2013,357297,34.92,7.26,27.66,13.55,2.43,11.12,1.45,0.4,1.04,1.45,0.4,1.04,2.16
"41","Oregon","OR",2014,363225,31.19,7.3,23.89,11.6,2.63,8.96,1.11,0.49,0.62,1.1,0.48,0.62,1.82
"41","Oregon","OR",2015,371422,34.02,10.6,23.42,13.8,4.31,9.5,1.38,0.51,0.87,1.38,0.51,0.87,2.1
"41","Oregon","OR",2016,381386,34.59,7.29,27.3,15.11,3.56,11.55,1.45,0.45,1,1.45,0.45,1,1.73
"41","Oregon","OR",2017,390223,36.58,3.09,33.48,13.8,1.24,12.56,1.41,0.15,1.26,1.41,0.15,1.26,1.82
"41","Oregon","OR",2018,396929,31.65,4.26,27.4,11.22,1.71,9.52,0.96,0.3,0.66,0.96,0.3,0.66,1.71
"41","Oregon","OR",2019,405862,34.96,8.21,26.75,13.41,3.79,9.62,1.33,0.53,0.8,1.33,0.53,0.8,1.8
"42","Pennsylvania","PA",2012,1310555,128.29,42.21,86.09,51.25,16.2,35.05,5.35,1.8,3.55,5.34,1.8,3.54,6.34
"42","Pennsylvania","PA",2013,1315861,132.87,45.87,87,49.77,17.12,32.65,4.46,2.17,2.3,4.46,2.17,2.3,7.38
"42","Pennsylvania","PA",2014,1328187,134.1,44.39,89.71,50.59,17.27,33.31,4.63,2.31,2.33,4.63,2.31,2.32,6.84
"42","Pennsylvania","PA",2015,1342770,141.15,46.98,94.17,51.86,17.15,34.71,5.2,2.46,2.74,5.2,2.46,2.74,6.61
"42","Pennsylvania","PA",2016,1364494,140.26,45.55,94.71,52.66,17.34,35.32,4.93,2.08,2.85,4.93,2.08,2.85,6.76
"42","Pennsylvania","PA",2017,1359315,138.86,42.8,96.06,51.62,15.72,35.9,4.88,1.81,3.07,4.88,1.81,3.07,6.61
"42","Pennsylvania","PA",2018,1360977,133.56,40.05,93.5,49.91,14.95,34.96,4.59,1.79,2.79,4.58,1.79,2.79,6.62
"42","Pennsylvania","PA",2019,1350464,135.95,41.33,94.62,50.36,15.85,34.51,4.78,1.94,2.84,4.77,1.94,2.84,6.74
"44","Rhode Island","RI",2012,103470,34.83,11.72,23.11,15.5,3.58,11.93,1.32,0.011,1.32,1.32,0.011,1.32,2.32
"44","Rhode Island","RI",2013,106051,34.21,11.88,22.33,17.54,5.14,12.4,2.34,0.68,1.66,2.34,0.68,1.66,3.21
"44","Rhode Island","RI",2014,106653,35.52,8.36,27.15,16.8,3.68,13.12,2.12,0.45,1.67,2.12,0.45,1.67,2.34
"44","Rhode Island","RI",2015,110273,30.41,5.06,25.35,13.69,2.2,11.49,2.12,0.85,1.27,2.12,0.85,1.27,2.18
"44","Rhode Island","RI",2016,104025,39.3,10.8,28.5,18.63,5.01,13.62,2.94,1.06,1.88,2.94,1.06,1.88,3.65
"44","Rhode Island","RI",2017,95407,45.84,12.27,33.56,17.82,4.55,13.27,3.04,1.32,1.72,3.04,1.32,1.72,3.25
"44","Rhode Island","RI",2018,94104,36.85,5.59,31.26,14.24,0.75,13.49,1.36,0.011,1.36,1.36,0.011,1.36,2.98
"44","Rhode Island","RI",2019,94595,46.51,5.31,41.21,16.9,2.54,14.37,1.59,0.41,1.17,1.59,0.41,1.17,3.7
"45","South Carolina","SC",2012,658316,47.61,4.34,43.27,20.22,1.92,18.3,2.4,0.39,2.01,2.37,0.39,1.98,1.58
"45","South Carolina","SC",2013,659206,63.78,6.74,57.04,26.8,3.32,23.48,3.35,0.71,2.64,3.35,0.71,2.64,2.43
"45","South Carolina","SC",2014,668223,80.5,8.99,71.51,31.45,4.24,27.2,3.64,0.92,2.72,3.64,0.91,2.72,2.26
"45","South Carolina","SC",2015,681648,95.77,8.86,86.91,37.58,4.38,33.2,3.97,0.96,3,3.97,0.96,3,2.51
"45","South Carolina","SC",2016,687415,100.52,11.36,89.16,41.42,5.59,35.83,3.95,0.89,3.07,3.95,0.89,3.06,2.92
"45","South Carolina","SC",2017,693044,110.06,14.57,95.49,43.02,7.48,35.53,5.08,1.41,3.67,5.08,1.41,3.67,3.06
"45","South Carolina","SC",2018,697249,119.45,20.8,98.65,46.24,10.66,35.59,5.24,2.04,3.2,5.24,2.04,3.2,3.63
"45","South Carolina","SC",2019,693024,154.68,38.84,115.84,56.86,18.88,37.99,6.52,3,3.52,6.52,3,3.52,4.39
"46","South Dakota","SD",2012,118034,3.42,1.91,1.52,1.63,0.84,0.79,0.011,0.011,0.011,0.011,0.011,0.011,0.42
"46","South Dakota","SD",2013,118067,17.52,10.74,6.78,9.44,6.89,2.54,0.53,0.53,0.011,0.53,0.53,0.011,1.02
"46","South Dakota","SD",2014,118348,7.79,1.13,6.66,2.9,0.56,2.34,0.011,0.011,0.011,0.011,0.011,0.011,0.68
"46","South Dakota","SD",2015,117804,8.7,1.63,7.07,3.07,0.5,2.57,0.011,0.011,0.011,0.011,0.011,0.011,0.59
"46","South Dakota","SD",2016,117196,9.47,0.93,8.54,3.54,0.25,3.29,0.011,0.011,0.011,0.011,0.011,0.011,0.77
"46","South Dakota","SD",2017,121285,8.17,0.6,7.57,3.09,0.33,2.76,0.2,0.2,0.011,0.2,0.2,0.011,0.82
"46","South Dakota","SD",2018,125093,7.23,0.21,7.03,2.53,0.09,2.45,0.011,0.011,0.011,0.011,0.011,0.011,0.64
"46","South Dakota","SD",2019,127167,8.51,0.16,8.35,3.85,0.11,3.74,0.09,0.011,0.09,0.09,0.011,0.09,0.71
"47","Tennessee","TN",2012,767996,58,15.42,42.58,22.95,6.65,16.3,3.59,1.21,2.37,3.54,1.21,2.34,1.85
"47","Tennessee","TN",2013,759902,61.2,18.14,43.06,23.07,7.24,15.83,3.37,1.2,2.17,3.34,1.2,2.14,2.43
"47","Tennessee","TN",2014,754329,79.57,23.89,55.68,29.52,9.53,19.98,4.15,1.66,2.49,4.15,1.66,2.49,2.43
"47","Tennessee","TN",2015,746198,92.91,23.66,69.25,33.93,9.5,24.43,5.23,1.76,3.46,5.22,1.76,3.45,2.91
"47","Tennessee","TN",2016,746484,105.63,25.72,79.91,36.78,10.1,26.68,4.85,1.74,3.1,4.84,1.74,3.1,3.27
"47","Tennessee","TN",2017,744951,122.69,32.35,90.35,42.44,11.97,30.46,5.36,1.97,3.39,5.36,1.97,3.39,3.37
"47","Tennessee","TN",2018,736439,138.76,37.79,100.98,46.45,13.52,32.93,5.67,2.26,3.41,5.67,2.26,3.41,3.82
"47","Tennessee","TN",2019,725819,141.62,40.6,101.02,48.23,14.6,33.63,6.01,2.45,3.56,6.01,2.45,3.56,4.08
"48","Texas","TX",2012,2310636,163.03,100.74,62.3,67,44.77,22.23,13.18,10.67,2.51,13.12,10.63,2.49,3.38
"48","Texas","TX",2013,2230001,165.3,98.45,66.85,69.21,45.22,23.99,11.76,9.24,2.52,11.76,9.24,2.52,4.65
"48","Texas","TX",2014,2235759,175.96,102.93,73.03,71.2,44.91,26.29,12.47,9.58,2.89,12.44,9.56,2.89,4.15
"48","Texas","TX",2015,2190149,182.71,100.9,81.8,75.58,46.16,29.42,13.32,10.13,3.2,13.28,10.09,3.19,4.49
"48","Texas","TX",2016,2223092,185.97,102.97,83,75.91,44.81,31.1,12.46,9.11,3.36,12.43,9.08,3.35,4.71
"48","Texas","TX",2017,2213337,179.37,94.5,84.87,73.29,40.98,32.3,11.38,7.74,3.64,11.36,7.73,3.63,4.71
"48","Texas","TX",2018,2152781,194.73,101.67,93.05,74.78,42.16,32.61,11.37,7.86,3.52,11.35,7.84,3.51,4.98
"48","Texas","TX",2019,2147280,216.34,109.16,107.18,81.19,44.21,36.98,12,8.23,3.77,11.97,8.21,3.76,5.47
"49","Utah","UT",2012,173883,27.21,8.59,18.62,13.92,4.44,9.48,3.58,1.15,2.43,3.58,1.15,2.43,1.09
"49","Utah","UT",2013,186559,30.49,7.38,23.12,15.42,3.81,11.6,3.55,0.72,2.82,3.55,0.72,2.82,1.66
"49","Utah","UT",2014,193114,41.09,13.4,27.69,19.38,6.34,13.04,3.82,1.05,2.78,3.82,1.04,2.78,1.92
"49","Utah","UT",2015,198716,63.15,18.7,44.45,26.98,8.25,18.73,4.17,1.19,2.98,4.17,1.19,2.98,2.31
"49","Utah","UT",2016,202913,79.84,16.55,63.29,34.32,7.76,26.56,4.77,0.75,4.02,4.77,0.75,4.02,3.15
"49","Utah","UT",2017,206331,79.95,18.45,61.5,35.58,8.37,27.22,6.07,1.6,4.47,6.07,1.6,4.47,2.67
"49","Utah","UT",2018,210541,93.76,18.67,75.09,41.81,7.86,33.95,7.11,1.42,5.69,7.11,1.42,5.69,2.8
"49","Utah","UT",2019,213273,107.93,16.71,91.23,47.8,9.51,38.29,6.24,1.36,4.88,6.24,1.36,4.88,3.89
"50","Vermont","VT",2012,105586,11.93,5.18,6.75,4.75,2.47,2.28,0.16,0.16,0.011,0.16,0.16,0.011,1.52
"50","Vermont","VT",2013,107960,23.56,12.99,10.57,10.77,6.85,3.93,0.25,0.25,0.011,0.25,0.25,0.011,1.85
"50","Vermont","VT",2014,111302,14.08,7.9,6.18,7.39,4.59,2.8,0.011,0.011,0.011,0.011,0.011,0.011,1.71
"50","Vermont","VT",2015,113908,9.31,5.21,4.09,5.16,2.97,2.19,0.2,0.1,0.11,0.2,0.1,0.11,1.4
"50","Vermont","VT",2016,116638,7.54,4.04,3.5,4.5,2.42,2.08,0.3,0.3,0.011,0.3,0.3,0.011,1.2
"50","Vermont","VT",2017,117612,8.23,4.06,4.17,4.23,2.34,1.9,0.22,0.22,0.011,0.22,0.22,0.011,1.45
"50","Vermont","VT",2018,118995,6.83,3.13,3.7,3.6,1.77,1.82,0.27,0.27,0.011,0.27,0.27,0.011,1.01
"50","Vermont","VT",2019,119320,7.83,2.52,5.31,4.52,1.68,2.84,0.45,0.36,0.09,0.45,0.36,0.09,1.26
"51","Virginia","VA",2012,955399,64.19,16.49,47.7,29.33,7.78,21.55,3.46,1.25,2.21,3.42,1.25,2.17,2.85
"51","Virginia","VA",2013,982575,75.11,18.19,56.92,33.17,7.96,25.21,4.13,1.12,3.01,4.12,1.12,3,3.98
"51","Virginia","VA",2014,972847,91.33,22.15,69.18,36.44,8.3,28.14,4.21,1.58,2.63,4.21,1.58,2.63,3.57
"51","Virginia","VA",2015,993994,100.38,22.79,77.58,39.83,8.56,31.27,4.24,1.33,2.91,4.24,1.33,2.91,3.62
"51","Virginia","VA",2016,1015363,119.28,28.69,90.58,43.97,10.95,33.02,4.49,1.46,3.03,4.49,1.46,3.03,3.7
"51","Virginia","VA",2017,1028938,129.92,31.32,98.59,49.38,12.84,36.54,5.29,2.06,3.23,5.29,2.06,3.23,4.14
"51","Virginia","VA",2018,1046768,143.83,35.37,108.46,55.83,16.16,39.67,7.42,3.14,4.28,7.41,3.14,4.28,4.24
"51","Virginia","VA",2019,1041012,160.85,34.7,126.15,60.43,15.81,44.62,7.48,2.91,4.57,7.48,2.91,4.57,4.43
"53","Washington","WA",2012,684733,51.62,8.72,42.91,21.38,3.66,17.72,3.67,0.6,3.08,3.59,0.56,3.03,1.81
"53","Washington","WA",2013,704882,52.85,9.89,42.96,20.84,4.37,16.47,3.36,0.69,2.67,3.36,0.69,2.67,2.43
"53","Washington","WA",2014,721426,56.46,11.34,45.12,23.8,5.31,18.49,4.11,0.93,3.18,4.11,0.93,3.18,2.18
"53","Washington","WA",2015,743922,55.39,8.04,47.35,22.6,3.89,18.71,4.03,0.7,3.34,4.03,0.7,3.34,1.99
"53","Washington","WA",2016,767555,61.28,9.69,51.59,23.96,4.59,19.38,4.15,0.97,3.17,4.15,0.97,3.17,2.05
"53","Washington","WA",2017,783498,62.24,8.84,53.4,24.81,4.22,20.59,4.34,0.9,3.44,4.34,0.9,3.44,2.26
"53","Washington","WA",2018,785486,71.1,8.28,62.81,28.29,4.22,24.07,4.98,1.02,3.96,4.98,1.02,3.96,2
"53","Washington","WA",2019,782983,81.73,10.71,71.02,34.75,6.55,28.21,8.14,2.78,5.35,8.13,2.78,5.35,2.36
"54","West Virginia","WV",2012,294571,27.42,11.21,16.22,9.82,4.43,5.4,1.13,0.74,0.39,1.05,0.66,0.39,1.32
"54","West Virginia","WV",2013,293695,34.12,15.9,18.22,11.68,5.81,5.87,1.54,1.07,0.48,1.54,1.07,0.48,1.87
"54","West Virginia","WV",2014,289249,39.41,19.18,20.23,13.22,6.52,6.7,2.02,1.51,0.51,2.02,1.51,0.51,1.62
"54","West Virginia","WV",2015,292046,37.04,18,19.04,14.43,7.43,7,1.93,1.41,0.52,1.93,1.41,0.52,1.51
"54","West Virginia","WV",2016,292113,45.37,24.57,20.8,15.87,9.69,6.17,2.23,1.67,0.55,2.23,1.67,0.55,1.64
"54","West Virginia","WV",2017,284183,37.68,19.29,18.4,14.55,8.71,5.83,1.94,1.34,0.6,1.94,1.34,0.6,1.55
"54","West Virginia","WV",2018,276696,41.31,20.46,20.85,15.9,9.23,6.67,2.37,1.71,0.66,2.37,1.71,0.66,2.06
"54","West Virginia","WV",2019,265345,48.67,23.29,25.39,16.74,9.3,7.44,2.69,1.68,1.01,2.68,1.67,1.01,1.77
"55","Wisconsin","WI",2012,612087,47.81,15.08,32.73,17.75,5.4,12.35,2.23,0.93,1.31,2.23,0.92,1.3,1.5
"55","Wisconsin","WI",2013,615497,52.66,12.85,39.81,20.36,5.48,14.88,2.61,0.74,1.87,2.61,0.74,1.87,2.13
"55","Wisconsin","WI",2014,613036,60.51,14.88,45.63,22.49,6.74,15.75,2.89,1,1.89,2.89,1,1.89,2.37
"55","Wisconsin","WI",2015,601376,63.3,13.4,49.9,24.53,5.77,18.76,2.79,0.59,2.2,2.79,0.59,2.2,2.68
"55","Wisconsin","WI",2016,606310,70.12,13.21,56.91,28.2,5.82,22.38,3.03,0.56,2.47,3.02,0.56,2.46,2.75
"55","Wisconsin","WI",2017,609811,82.53,14.98,67.55,30.22,6.17,24.04,3.07,0.48,2.58,3.07,0.48,2.58,2.87
"55","Wisconsin","WI",2018,608399,85.69,13.76,71.93,33.33,6.39,26.95,3.89,0.75,3.14,3.89,0.75,3.14,2.83
"55","Wisconsin","WI",2019,595978,100.27,13.92,86.35,35.11,5.34,29.77,4.27,0.52,3.74,4.26,0.52,3.74,3.15
"56","Wyoming","WY",2012,77609,4.93,4.01,0.93,1.66,1.47,0.19,0.011,0.011,0.011,0.011,0.011,0.011,0.64
"56","Wyoming","WY",2013,81559,9.87,8.25,1.62,2.23,1.72,0.51,0.13,0.13,0.011,0.13,0.13,0.011,1.1
"56","Wyoming","WY",2014,84308,24.11,17.52,6.59,6.08,3.9,2.18,1.1,0.71,0.39,1.1,0.71,0.39,1.3
"56","Wyoming","WY",2015,86821,18.3,11.56,6.74,6.3,3.73,2.57,0.58,0.37,0.21,0.58,0.37,0.21,0.92
"56","Wyoming","WY",2016,89725,19.48,10.86,8.63,7.23,4,3.23,0.43,0.43,0.011,0.43,0.43,0.011,1.11
"56","Wyoming","WY",2017,92766,16.4,8.19,8.2,6.04,3.34,2.69,0.24,0.24,0.011,0.24,0.24,0.011,0.86
"56","Wyoming","WY",2018,96147,21.87,10.54,11.34,8.33,4.33,4,0.25,0.25,0.011,0.25,0.25,0.011,1.56
"56","Wyoming","WY",2019,98890,25.72,13.42,12.3,10.26,5.59,4.67,0.28,0.28,0.011,0.28,0.28,0.011,1.82
